[
    {
        "isExpired": false,
        "courseImg": "../Assets/images/imageMask.png",
        "courseTitle": "Acceleration",
        "starImg": "../Assets/icons/favourite.svg",
        "subject": "Physics",
        "grade": 7,
        "level": 2,
        "units": 4,
        "lessons": 18,
        "topics": 24,
        "authName": ["Mr. Frank's Class B","Mr. Frank's Class A", "No Classes", "All Classes"],
        "students": 50,
        "startDate": "21-Jan-2020" ,
        "endDate": "21-Aug-2020",
        "preview": true,
        "course": false,
        "submissions": true,
        "reports": false

    },
    {
        "isExpired": false,
        "courseImg": "../Assets/images/imageMask-1.png",
        "courseTitle": "Displacement, Velocity and Speed",
        "starImg": "../Assets/icons/favourite.svg",
        "subject": "Physics 2",
        "grade": 7,
        "level": 3,
        "units": 2,
        "lessons": 15,
        "topics": 20,
        "authName": ["Mr. Frank's Class B","Mr. Frank's Class A", "No Classes", "All Classes"],
        "students": null,
        "startDate": null ,
        "endDate": null,
        "preview": false,
        "course": true,
        "submissions": false,
        "reports": true
    },
    {
        "isExpired": false,
        "courseImg": "../Assets/images/imageMask-3.png",
        "courseTitle": "Introduction to Biology: Micro organisms and how they affect the other life system in environment",
        "starImg": "../Assets/icons/favourite.svg",
        "subject": "Biology",
        "grade": 4,
        "level": 1,
        "units": 5,
        "lessons": 16,
        "topics": 22,
        "authName": ["Mr. Frank's Class B","Mr. Frank's Class A", "No Classes", "All Classes"],
        "students": 300,
        "startDate": null ,
        "endDate": null,
        "preview": false,
        "course": false,
        "submissions": false,
        "reports": false
    },
    {
        "isExpired": true,
        "courseImg": "../Assets/images/imageMask-2.png",
        "courseTitle": "Introduction to High School Mathematics",
        "starImg": "../Assets/icons/unfaourite.svg",
        "subject": "Mathematics",
        "grade": 8,
        "level": 3,
        "units": 4,
        "lessons": 18,
        "topics": 24,
        "authName": ["Mr. Frank's Class B","Mr. Frank's Class A", "No Classes", "All Classes"],
        "students": 44,
        "startDate": "14-Oct-2019" ,
        "endDate": "20-Oct-2020",
        "preview": true,
        "course": true,
        "submissions": true,
        "reports": true
    }
   
]
